{
  "total_usd": 1.4205053000000003,
  "current_campaign_usd": 0.0049995,
  "campaign_id": "matrix-v1"
}