{
  "total_usd": 1.3892162000000003,
  "current_campaign_usd": 1.239681200000001,
  "campaign_id": "matrix-v1"
}