{
  "total_usd": 1.4155058000000003,
  "current_campaign_usd": 0.026289599999999996,
  "campaign_id": "smoke"
}